Book Id,Title,Author,Author l-f,Additional Authors,ISBN,ISBN13,My Rating,Average Rating,Publisher,Binding,Number of Pages,Year Published,Original Publication Year,Date Read,Date Added,Bookshelves,Bookshelves with positions,Exclusive Shelf,My Review,Spoiler,Private Notes,Read Count,Owned Copies
18400112,"The Devil Wears Scrubs (Dr. Jane McGill, #1)",Freida McFadden,"McFadden, Freida",,"=""""","=""""",3,3.44,Hollywood Upstairs Publishing,Kindle Edition,328,2013,2013,,2025/12/01,,,read,,,,1,0
62047984,Yellowface,R.F. Kuang,"Kuang, R.F.",,"=""""","=""""",4,3.73,William Morrow,Paperback,319,2023,2023,,2023/12/10,,,read,,,,1,0
58416952,"The Will of the Many (Hierarchy, #1)",James  Islington,"Islington, James",,"=""1982141190""","=""9781982141196""",0,4.60,Gallery / Saga Press,Kindle Edition,639,2023,2023,,2025/12/01,to-read,to-read (#52),to-read,,,,0,0
20886354,"Skin Deep (Legion, #2)",Brandon Sanderson,"Sanderson, Brandon",Jon Foster,"=""""","=""""",4,4.12,Subterranean Press ,Leather Bound,208,2014,2014,2025/11/07,2025/11/07,,,read,,,,1,0
58778536,Do Not Disturb,Freida McFadden,"McFadden, Freida",,"=""""","=""""",3,3.90,Hollywood Upstairs Publishing,Kindle Edition,325,2021,2021,2025/11/13,2025/11/18,,,read,,,,1,0
40121378,Atomic Habits: An Easy & Proven Way to Build Good Habits & Break Bad Ones,James Clear,"Clear, James",,"=""""","=""""",5,4.32,Avery,Kindle Edition,319,2018,2018,2025/11/17,2025/02/16,,,read,,,,1,0
22878967,"The Shadow of What Was Lost (The Licanius Trilogy, #1)",James  Islington,"Islington, James",,"=""099258020X""","=""9780992580209""",0,4.14,Aslaradis Publishing,Paperback,595,2014,2014,,2025/11/18,to-read,to-read (#51),to-read,,,,0,0
42976986,Meditations,Marcus Aurelius,"Aurelius, Marcus",,"=""""","=""""",0,4.28,GENERAL PRESS,Kindle Edition,171,2018,180,,2025/03/11,to-read,to-read (#50),to-read,,,,1,0
37640636,"Lies of the Beholder (Legion, #3)",Brandon Sanderson,"Sanderson, Brandon",,"=""159606885X""","=""9781596068858""",4,4.12,Subterranean Press,Hardcover,148,2018,2018,2025/11/07,2025/11/07,,,read,,,,1,0
13452375,"Legion (Legion, #1)",Brandon Sanderson,"Sanderson, Brandon",Deniz Evliyagil,"=""1596064854""","=""9781596064850""",4,4.12,Subterranean Press,Hardcover,88,2012,2012,2025/11/07,2025/11/07,,,read,,,,1,0
196915235,"Butcher & Blackbird (The Ruinous Love Trilogy, #1)",Brynne Weaver,"Weaver, Brynne",,"=""""","=""""",5,4.01,Zando,Kindle Edition,355,2023,2023,2025/11/06,2025/11/05,,,read,,,,1,0
55596771,"Speaking Bones (The Dandelion Dynasty, #4)",Ken Liu,"Liu, Ken",,"=""1982148977""","=""9781982148973""",0,4.54,Gallery / Saga Press,Hardcover,1047,2022,2022,,2024/05/17,currently-reading,currently-reading (#1),currently-reading,,,,2,0
226955282,Dating After the End of the World,Jeneva Rose,"Rose, Jeneva",,"=""1662520212""","=""9781662520211""",5,3.89,Montlake,Kindle Edition,295,2025,2025,2025/11/05,2025/10/25,,,read,,,,1,0
52616342,The Perfect Son,Freida McFadden,"McFadden, Freida",,"=""""","=""""",4,4.00,Hollywood Upstairs Press,Kindle Edition,373,2019,2019,2025/11/06,2025/11/04,,,read,,,,1,0
36337550,The 7 1/2 Deaths of Evelyn Hardcastle,Stuart Turton,"Turton, Stuart",,"=""""","=""""",4,3.78,Sourcebooks Landmark,Hardcover,432,2018,2018,2025/11/04,2025/10/30,,,read,,,,1,0
623976,"Alcatraz Versus the Evil Librarians (Alcatraz, #1)",Brandon Sanderson,"Sanderson, Brandon",,"=""0439925509""","=""9780439925501""",4,3.92,Scholastic Press,Hardcover,308,2007,2007,2025/11/05,2025/11/04,,,read,,,,1,0
60387416,"The Children of Gods and Fighting Men (Gael Song, #1)",Shauna Lawless,"Lawless, Shauna",,"=""""","=""""",0,4.08,Head of Zeus,Kindle Edition,416,2022,2022,,2025/11/02,to-read,to-read (#49),to-read,,,,0,0
56269205,"Empire of the Vampire (Empire of the Vampire, #1)",Jay Kristoff,"Kristoff, Jay",Bon Orthwick,"=""1250245281""","=""9781250245281""",0,4.33,St. Martin's Press,Hardcover,739,2021,2021,,2025/11/02,to-read,to-read (#48),to-read,,,,0,0
35606041,"A Little Hatred (The Age of Madness, #1)",Joe Abercrombie,"Abercrombie, Joe",,"=""031618716X""","=""9780316187169""",0,4.45,Orbit,Hardcover,480,2019,2019,,2025/11/02,to-read,to-read (#47),to-read,,,,0,0
26114463,Nevernight (The Nevernight Chronicle #1),Jay Kristoff,"Kristoff, Jay",,"=""1250073022""","=""9781250073020""",0,4.22,St. Martin's Press,Hardcover,427,2016,2016,,2025/11/02,to-read,to-read (#46),to-read,,,,0,0
50659468,"A Court of Mist and Fury (A Court of Thorns and Roses, #2)",Sarah J. Maas,"Maas, Sarah J.",,"=""1635575583""","=""9781635575583""",5,4.64,Bloomsbury Publishing,Paperback,626,2020,2016,2025/10/23,2025/10/23,,,read,,,,2,0
60531410,"The Frugal Wizard’s Handbook for Surviving Medieval England (Secret Projects, #2)",Brandon Sanderson,"Sanderson, Brandon",Steve Argyle,"=""1938570332""","=""9781938570339""",4,3.76,Dragonsteel Entertainment,Hardcover,399,2023,2023,2025/10/27,2025/10/23,,,read,,,,1,0
230824619,"Death Row (Alibis Collection, #1)",Freida McFadden,"McFadden, Freida",,"=""1662532261""","=""9781662532269""",3,3.55,Amazon Original Stories,Kindle Edition,74,2025,2025,,2025/10/22,,,read,,,,2,0
55279022,"The Shadow of the Gods (Bloodsworn Saga, #1)",John Gwynne,"Gwynne, John",,"=""""","=""""",0,4.19,Orbit,Kindle Edition,500,2021,2021,,2025/08/09,to-read,to-read (#45),to-read,,,,1,0
54919156,"The Veiled Throne (The Dandelion Dynasty, #3)",Ken Liu,"Liu, Ken",,"=""1481424351""","=""9781481424356""",5,4.14,Gallery / Saga Press,Kindle Edition,1004,2021,2021,2025/10/21,2025/03/10,,,read,,,,1,0
13496,"A Game of Thrones (A Song of Ice and Fire, #1)",George R.R. Martin,"Martin, George R.R.",,"=""0553588486""","=""9780553588484""",5,4.45,Bantam,Mass Market Paperback,835,2005,1996,2021/12/11,2023/12/03,,,read,,,,1,0
4069,Man's Search for Meaning,Viktor E. Frankl,"Frankl, Viktor E.","Isle Lasch, William J. Winslade, Harold S. Kushner","=""080701429X""","=""9780807014295""",5,4.37,Beacon Press,Paperback,165,2006,1946,2021/12/11,2023/12/03,,,read,,,,1,0
10572,"A Clash of Kings  (A Song of Ice and Fire, #2)",George R.R. Martin,"Martin, George R.R.",,"=""""","=""""",5,4.42,Random House Worlds,Paperback,1009,2002,1998,2022/12/03,2023/12/03,,,read,,,,1,0
56922594,The Stranger in the Lifeboat,Mitch Albom,"Albom, Mitch",,"=""006288834X""","=""9780062888341""",5,4.11,Harper,Hardcover,271,2021,2021,2022/12/11,2023/12/03,,,read,,,,1,0
16130549,"Doctor Sleep (The Shining, #2)",Stephen        King,"King, Stephen",,"=""1476727651""","=""9781476727653""",5,4.13,Scribner,Hardcover,531,2013,2013,2022/12/11,2023/12/03,,,read,,,,1,0
11588,"The Shining (The Shining, #1)",Stephen        King,"King, Stephen",,"=""0450040186""","=""9780450040184""",5,4.28,New English Library,Mass Market Paperback,497,1980,1977,2022/12/11,2023/12/03,,,read,,,,1,0
62291,"A Storm of Swords (A Song of Ice and Fire, #3)",George R.R. Martin,"Martin, George R.R.",,"=""""","=""""",5,4.55,Bantam,Mass Market Paperback,1177,2003,2000,2022/12/11,2023/12/03,,,read,,,,1,0
13497,"A Feast for Crows (A Song of Ice and Fire, #4)",George R.R. Martin,"Martin, George R.R.",,"=""""","=""""",5,4.17,Bantam Books,Mass Market Paperback,1060,2011,2005,2022/12/11,2023/12/03,,,read,,,,1,0
10664113,"A Dance with Dragons (A Song of Ice and Fire, #5)",George R.R. Martin,"Martin, George R.R.",,"=""""","=""""",5,4.34,Random House Worlds,Kindle Edition,1125,2011,2011,2022/12/11,2023/12/03,,,read,,,,1,0
54120408,Klara and the Sun,Kazuo Ishiguro,"Ishiguro, Kazuo",,"=""059331817X""","=""9780593318171""",4,3.74,Alfred A. Knopf,Hardcover,303,2021,2021,2022/12/11,2023/12/03,,,read,,,,1,0
54511226,"Dawnshard (The Stormlight Archive, #3.5)",Brandon Sanderson,"Sanderson, Brandon",,"=""193857026X""","=""""",4,4.35,Dragonsteel Entertainment,Kindle Edition,171,2020,2020,2022/12/11,2023/12/03,,,read,,,,1,0
34703445,"Edgedancer (The Stormlight Archive, #2.5)",Brandon Sanderson,"Sanderson, Brandon",,"=""1250166543""","=""9781250166548""",4,4.13,Tor Books,Hardcover,272,2017,2016,2022/12/11,2023/12/03,,,read,,,,1,0
49021976,"Rhythm of War (The Stormlight Archive, #4)",Brandon Sanderson,"Sanderson, Brandon",,"=""0765326388""","=""9780765326386""",5,4.58,Tor Books,Hardcover,1232,2020,2020,2022/12/11,2023/12/03,,,read,,,,1,0
58446227,Sea of Tranquility,Emily St. John Mandel,"Mandel, Emily St. John",,"=""0593321448""","=""9780593321447""",4,4.05,Knopf,Hardcover,259,2022,2022,2023/12/11,2023/12/03,,,read,,,,1,0
20518872,"The Three-Body Problem (Remembrance of Earth’s Past, #1)",Liu Cixin,"Cixin, Liu",Ken Liu,"=""""","=""""",5,4.08,Tor Books,Hardcover,472,2014,2006,2023/12/11,2023/12/03,,,read,,,,1,0
45300567,The Maidens,Alex Michaelides,"Michaelides, Alex",,"=""1250304458""","=""9781250304452""",4,3.62,Celadon Books,Hardcover,337,2021,2021,2023/12/11,2023/12/03,,,read,,,,1,0
18162954,Galatea,Madeline Miller,"Miller, Madeline",,"=""1408848147""","=""""",4,3.93,Bloomsbury Paperbacks,Kindle Edition,27,2013,2013,2023/12/11,2023/12/03,,,read,,,,1,0
23168817,"The Dark Forest (Remembrance of Earth’s Past, #2)",Liu Cixin,"Cixin, Liu",Joel Martinsen,"=""""","=""""",5,4.40,Tor Books,Hardcover,512,2015,2008,2023/12/11,2023/12/03,,,read,,,,1,0
52578297,The Midnight Library,Matt Haig,"Haig, Matt",,"=""0525559477""","=""9780525559474""",4,3.98,Viking,Hardcover,288,2020,2020,2023/12/11,2023/12/03,,,read,,,,1,0
25451264,"Death's End (Remembrance of Earth’s Past, #3)",Liu Cixin,"Cixin, Liu",Ken Liu,"=""0765377101""","=""9780765377104""",5,4.41,TOR,Hardcover,604,2016,2010,2023/12/11,2023/12/03,,,read,,,,1,0
68428,"Mistborn: The Final Empire (Mistborn, #1)",Brandon Sanderson,"Sanderson, Brandon",,"=""""","=""9780765311788""",5,4.49,Tor Books,Hardcover,541,2006,2006,2023/12/11,2023/12/03,,,read,,,,2,0
58784475,"Tomorrow, and Tomorrow, and Tomorrow",Gabrielle Zevin,"Zevin, Gabrielle",,"=""0735243344""","=""9780735243347""",5,4.12,Knopf,Hardcover,416,2022,2022,2023/12/11,2023/12/03,,,read,,,,1,0
68429,"The Well of Ascension (Mistborn, #2)",Brandon Sanderson,"Sanderson, Brandon",,"=""0765316889""","=""9780765316882""",5,4.38,Tor Books,Hardcover,590,2007,2007,2023/12/11,2023/12/03,,,read,,,,1,0
2767793,"The Hero of Ages (Mistborn, #3)",Brandon Sanderson,"Sanderson, Brandon",,"=""0765316897""","=""9780765316899""",5,4.56,Tor Books,Hardcover,572,2008,2008,2023/07/10,2023/12/03,,,read,,,,1,0
56783258,Cloud Cuckoo Land,Anthony Doerr,"Doerr, Anthony",,"=""1982168439""","=""9781982168438""",5,4.25,Scribner,Hardcover,626,2021,2021,2023/08/21,2023/12/03,,,read,,,,1,0
60652997,"Hell Bent (Alex Stern, #2)",Leigh Bardugo,"Bardugo, Leigh",,"=""1250313104""","=""9781250313102""",4,4.11,Flatiron Books,Hardcover,481,2023,2023,2023/09/01,2023/12/03,,,read,,,,1,0
35133922,Educated,Tara Westover,"Westover, Tara",,"=""0399590501""","=""9780399590504""",5,4.47,Random House,Hardcover,352,2018,2018,2021/12/11,2023/12/04,,,read,,,,1,0
17333223,The Goldfinch,Donna Tartt,"Tartt, Donna",,"=""0316055433""","=""9780316055437""",5,3.96,"Little, Brown",Hardcover,771,2013,2013,2021/12/11,2023/12/04,,,read,,,,1,0
54493401,Project Hail Mary,Andy Weir,"Weir, Andy",,"=""0593135202""","=""9780593135204""",5,4.50,Ballantine Books,Hardcover,476,2021,2021,2023/12/11,2023/12/04,,,read,,,,1,0
61242426,"Legends & Lattes (Legends & Lattes, #1)",Travis Baldree,"Baldree, Travis",,"=""""","=""""",4,4.04,Tor,Kindle Edition,296,2022,2022,2025/06/28,2023/12/10,,,read,,,,1,0
61474080,"A Taste of Poison (Entangled with Fae, #4)",Tessonja Odette,"Odette, Tessonja",,"=""""","=""""",4,3.91,Crystal Moon Press,Hardcover,412,2022,2022,2025/08/21,2025/08/21,,,read,,,,1,0
221733722,The Tenant,Freida McFadden,"McFadden, Freida",,"=""1464227314""","=""9781464227318""",4,3.83,Poisoned Pen Press,Paperback,368,2025,2025,,2025/09/06,,,read,,,,1,0
61126612,Alone With You in the Ether,Olivie Blake,"Blake, Olivie",,"=""1250888166""","=""9781250888167""",4,3.78,Tor Books,Hardcover,288,2022,2020,2025/09/06,2025/08/23,,,read,,,,1,0
54386622,"A Court of Thorns and Roses (A Court of Thorns and Roses, #1)",Sarah J. Maas,"Maas, Sarah J.",,"=""""","=""""",4,4.16,Bloomsbury Publishing,Kindle Edition,433,2020,2015,2025/10/10,2025/09/11,,,read,,,,1,0
34051011,Pachinko,Min Jin Lee,"Lee, Min Jin",,"=""""","=""""",5,4.34,Grand Central Publishing,Kindle Edition,496,2017,2017,2024/05/17,2023/12/03,,,read,,,,1,0
41886271,The Sword of Kaigen,M.L. Wang,"Wang, M.L.",,"=""""","=""""",0,4.44,Amazon Digital Services,Kindle Edition,651,2019,2019,,2025/08/30,to-read,to-read (#44),to-read,,,,0,0
56791389,"Dungeon Crawler Carl (Dungeon Crawler Carl, #1)",Matt Dinniman,"Dinniman, Matt",,"=""""","=""""",0,4.49,Dandy House,Kindle Edition,446,2020,2020,,2025/08/23,to-read,to-read (#43),to-read,,,,0,0
41881472,The Psychology of Money,Morgan Housel,"Housel, Morgan",,"=""0857197681""","=""9780857197689""",0,4.29,Harriman House,Paperback,242,2020,2020,,2025/08/22,to-read,to-read (#42),to-read,,,,0,0
30646587,"The Simple Path to Wealth: Your Road Map to Financial Independence and a Rich, Free Life",J.L. Collins,"Collins, J.L.",Mr. Money Mustache,"=""""","=""""",0,4.42,jlcollinsnh.com,Kindle Edition,286,2016,2016,,2025/08/22,to-read,to-read (#41),to-read,,,,0,0
203578847,"Wind and Truth (The Stormlight Archive, #5)",Brandon Sanderson,"Sanderson, Brandon",,"=""1250319188""","=""9781250319180""",0,4.38,Tor Books,Hardcover,1344,2024,2024,,2025/08/18,to-read,to-read (#40),to-read,,,,0,0
157608295,Wool (Silo #1),Hugh Howey,"Howey, Hugh",,"=""""","=""""",0,4.23,William Morrow,Kindle Edition,594,2023,2012,2025/08/09,2023/12/03,to-read,to-read (#39),to-read,,,,1,0
15839976,"Red Rising (Red Rising Saga, #1)",Pierce Brown,"Brown, Pierce",,"=""0345539788""","=""9780345539786""",0,4.27,Del Rey,Hardcover,382,2014,2014,,2025/08/09,to-read,to-read (#38),to-read,,,,0,0
68320207,Tress of the Emerald Sea,Brandon Sanderson,"Sanderson, Brandon",Howard Lyon,"=""""","=""""",5,4.32,Dragonsteel Entertainment,Kindle Edition,486,2023,2023,2025/08/05,2023/12/10,,,read,,,,1,0
25076674,The Alchemist: A Fable About Following Your Dream,Paulo Coelho,"Coelho, Paulo",Alan R. Clarke,"=""""","=""""",0,3.92,HarperOne,Kindle Edition,84,2021,1988,2025/07/04,2023/12/03,,,read,,,,1,0
18693771,"The Body Keeps the Score: Brain, Mind, and Body in the Healing of Trauma",Bessel van der Kolk,"Kolk, Bessel van der",,"=""0670785938""","=""9780670785933""",4,4.35,Viking,Hardcover,464,2014,2014,2025/06/20,2023/12/03,,,read,,,,1,0
1268479,Warbreaker,Brandon Sanderson,"Sanderson, Brandon",,"=""""","=""""",0,4.30,Self-published,ebook,688,2009,2009,,2025/07/02,to-read,to-read (#37),to-read,,,,0,0
68427,"Elantris (Elantris, #1)",Brandon Sanderson,"Sanderson, Brandon",,"=""0765350378""","=""9780765350374""",0,4.17,Tor Fantasy,Mass Market Paperback,638,2006,2005,,2025/07/02,to-read,to-read (#36),to-read,,,,0,0
57850265,How High We Go in the Dark,Sequoia Nagamatsu,"Nagamatsu, Sequoia",,"=""0063072645""","=""9780063072640""",0,3.81,William Morrow,Hardcover,293,2022,2022,,2025/07/02,to-read,to-read (#35),to-read,,,,0,0
52397,"Parable of the Sower (Earthseed, #1)",Octavia E. Butler,"Butler, Octavia E.",,"=""0446675504""","=""9780446675505""",4,4.20,Grand Central Publishing,Paperback,345,2000,1993,2025/04/07,2025/04/04,,,read,,,,1,0
50252588,Speech Sounds,Octavia E. Butler,"Butler, Octavia E.",,"=""""","=""""",0,4.12,Asimov's Science Fiction,Unknown Binding,,1983,,2020/12/11,2023/12/03,,,read,,,,1,0
49682914,The Subtle Art of Not Giving a Fuck,Mark Manson,"Manson, Mark",,"=""""","=""""",4,3.87,HarperCollins,Hardcover,206,2016,2016,2025/02/24,2025/02/16,,,read,,,"Choose what is important in your life and focus on that. Forget about everything else.<br/>What do you choose to suffer for? This defines you.<br/>Happiness comes from solving problems you enjoy having & solving & growth from that<br/>How do you measure failure/success<br/>Healthy Values: Responsibility (honesty), uncertainty (vulnerability, progress, growth), failure, rejection (self-respect, boundaries, “no”), mortality (charity, humanity, legacy)",1,1
112974860,How to Know a Person: The Art of Seeing Others Deeply and Being Deeply Seen,David  Brooks,"Brooks, David",,"=""059323006X""","=""9780593230084""",4,4.04,Random House,Kindle Edition,306,2023,2023,2025/03/14,2025/01/28,,,read,,,,1,0
18952381,"The Wall of Storms (The Dandelion Dynasty, #2)",Ken Liu,"Liu, Ken",,"=""1784973254""","=""9781784973254""",5,4.35,Head of Zeus,Hardcover,880,2016,2016,,2024/08/28,,,read,,,,2,0
57684325,Lessons in Chemistry,Bonnie Garmus,"Garmus, Bonnie",,"=""""","=""""",5,4.28,Doubleday,ebook,386,2022,2022,2024/08/28,2023/12/04,,,read,,,,1,0
51942513,Think Like a Monk: Train Your Mind for Peace and Purpose Every Day,Jay Shetty,"Shetty, Jay",,"=""1982134488""","=""9781982134488""",0,4.18,Simon & Schuster,Hardcover,328,2020,2020,,2025/03/01,to-read,to-read (#34),to-read,,,,0,0
124950497,Ikigai: The Japanese Secret to a Long and Happy Life,Héctor  García,"García, Héctor",Francesc Miralles,"=""""","=""""",0,3.70,,Unknown Binding,208,2017,2016,,2025/02/16,to-read,to-read (#33),to-read,,,,0,0
1303,The 48 Laws of Power,Robert Greene,"Greene, Robert",,"=""0140280197""","=""9780140280197""",0,4.09,Penguin Books,Paperback,452,2000,1999,,2025/02/16,to-read,to-read (#32),to-read,,,,0,0
83337,Silman's Complete Endgame Course: From Beginner to Master,Jeremy Silman,"Silman, Jeremy",,"=""1890085103""","=""9781890085100""",5,4.39,Siles Press,Paperback,530,2006,2006,2025/02/04,2024/09/21,,,read,,,,1,0
9547888,Attached: The New Science of Adult Attachment and How It Can Help You Find—and Keep—Love,Amir Levine,"Levine, Amir",Rachel Heller,"=""1585428485""","=""9781585428489""",0,4.13,Tarcher,Hardcover,304,2010,2010,,2025/02/03,to-read,to-read (#31),to-read,,,,0,0
12343111,The Art of Attack in Chess,Vladimir  Vuković,"Vuković, Vladimir",V. Vukovic,"=""1857440536""","=""9781857440539""",0,4.27,Cadogan Books,Paperback,400,1993,1963,,2024/09/29,to-read,to-read (#30),to-read,,,,0,0
44421460,"Before the Coffee Gets Cold (Before the Coffee Gets Cold, #1)",Toshikazu Kawaguchi,"Kawaguchi, Toshikazu",Geoffrey Trousselot,"=""1529029589""","=""9781529029581""",5,3.66,Picador,Paperback,213,2019,2015,2024/09/15,2024/08/30,,,read,,,,1,0
22875323,How to Reassess Your Chess: Chess Mastery Through Imbalances,Jeremy Silman,"Silman, Jeremy",,"=""1890085537""","=""9781890085537""",0,4.35,Siles Press,Kindle Edition,1263,2010,,2024/09/10,2024/02/02,,,read,,,,1,0
23168277,"The Sympathizer (The Sympathizer, #1)",Viet Thanh Nguyen,"Nguyen, Viet Thanh",,"=""0802123457""","=""9780802123459""",0,4.01,Grove Press,Hardcover,384,2015,2015,,2024/09/07,to-read,to-read (#29),to-read,,,,0,0
6334,Never Let Me Go,Kazuo Ishiguro,"Ishiguro, Kazuo",,"=""1400078776""","=""9781400078776""",0,3.85,Vintage Books ,Paperback,288,2010,2005,,2024/09/07,to-read,to-read (#28),to-read,,,,0,0
10846336,Salvage the Bones,Jesmyn Ward,"Ward, Jesmyn",,"=""1608195228""","=""9781608195220""",0,3.96,Bloomsbury,Hardcover,261,2011,2011,,2024/09/07,to-read,to-read (#27),to-read,,,,0,0
30558257,"Unsouled (Cradle, #1)",Will Wight,"Wight, Will",,"=""""","=""""",0,4.14,Hidden Gnome Publishing,Kindle Edition,294,2016,2016,,2024/08/13,to-read,to-read (#26),to-read,,,,0,0
63219094,"Fourth Wing (The Empyrean, #1)",Rebecca Yarros,"Yarros, Rebecca",,"=""""","=""""",0,4.57,Entangled: Red Tower Books,Kindle Edition,665,2023,2023,,2023/12/10,to-read,to-read (#25),to-read,,,,1,0
54774986,Sharp Objects,Gillian Flynn,"Flynn, Gillian",,"=""""","=""""",4,4.01,Broadway Books,Kindle Edition,272,2020,2006,2024/06/24,2024/05/30,,,read,,,,1,0
23515727,No Country for Old Men,Cormac McCarthy,"McCarthy, Cormac",,"=""0375706674""","=""9780375706677""",0,4.17,Vintage International,Paperback,309,2006,2005,,2024/05/10,to-read,to-read (#24),to-read,,,,0,0
42933,"Tai-Pan (Asian Saga, #2)",James Clavell,"Clavell, James",,"=""""","=""""",0,4.31,Dell,Mass Market Paperback,732,2009,1966,,2024/03/30,to-read,to-read (#23),to-read,,,,0,0
36315,The Best of H.P. Lovecraft: Bloodcurdling Tales of Horror and the Macabre,H.P. Lovecraft,"Lovecraft, H.P.","August Derleth, Robert Bloch","=""""","=""""",0,4.30,Ballantine Books,Paperback,406,2002,1963,,2024/03/30,to-read,to-read (#22),to-read,,,,0,0
77203,The Kite Runner,Khaled Hosseini,"Hosseini, Khaled",,"=""159463193X""","=""9781594631931""",0,4.36,Riverhead Books,Paperback,371,2004,2003,,2024/03/30,to-read,to-read (#21),to-read,,,,0,0
18774964,A Man Called Ove,Fredrik Backman,"Backman, Fredrik",Henning Koch,"=""1476738017""","=""9781476738017""",0,4.38,Atria Books,Hardcover,337,2014,2012,,2024/03/19,to-read,to-read (#20),to-read,,,,0,0
36642458,"Skyward (Skyward, #1)",Brandon Sanderson,"Sanderson, Brandon",,"=""1473217857""","=""9781473217850""",0,4.46,Gollancz,Hardcover,513,2018,2018,,2024/02/11,to-read,to-read (#19),to-read,,,,0,0
18952341,"The Grace of Kings (The Dandelion Dynasty, #1)",Ken Liu,"Liu, Ken",,"=""1481424270""","=""9781481424271""",5,3.80,Saga Press,Hardcover,640,2015,2015,2024/02/07,2023/12/03,,,read,,,,1,0
12505,The Idiot,Fyodor Dostoevsky,"Dostoevsky, Fyodor","Joseph Frank, Anna Brailovsky, Constance Garnett","=""0679642420""","=""9780679642428""",0,4.21,Modern Library,Paperback,667,2003,1869,,2024/01/05,to-read,to-read (#18),to-read,,,,0,0
50898126,Flowers on the Moon,Billy Chapata,"Chapata, Billy",,"=""1524860417""","=""9781524860417""",0,4.11,Andrews McMeel Publishing,Paperback,304,2020,2020,,2024/01/01,to-read,to-read (#17),to-read,,,,0,0
17563539,The Egg,Andy Weir,"Weir, Andy",,"=""""","=""""",0,4.21,Andy Weir / Galactanet,ebook,3,2009,2009,,2023/12/31,to-read,to-read (#16),to-read,,,,0,0
687278,When Things Fall Apart: Heart Advice for Difficult Times,Pema Chödrön,"Chödrön, Pema",,"=""1570623449""","=""9781570623448""",5,4.27,Shambhala,Paperback,148,2000,1996,2023/12/31,2023/12/03,,,read,,,,1,0
49552,The Stranger,Albert Camus,"Camus, Albert",Matthew  Ward,"=""""","=""""",0,4.03,Vintage International,Paperback,123,1989,1942,,2023/12/30,to-read,to-read (#15),to-read,,,,0,0
22294935,"Six of Crows (Six of Crows, #1)",Leigh Bardugo,"Bardugo, Leigh",,"=""""","=""""",5,4.46,Henry Holt and Co. (BYR),ebook,479,2015,2015,2023/12/29,2023/12/10,,,read,,,,1,0
22299763,"Crooked Kingdom (Six of Crows, #2)",Leigh Bardugo,"Bardugo, Leigh",,"=""""","=""""",0,4.57,Orion Children's Books,Kindle Edition,561,2016,2016,,2023/12/29,to-read,to-read (#14),to-read,,,,0,0
30753841,"Salt, Fat, Acid, Heat: Mastering the Elements of Good Cooking",Samin Nosrat,"Nosrat, Samin","Wendy MacNaughton, Michael Pollan","=""1476753830""","=""9781476753836""",5,4.39,Simon and Schuster,Hardcover,480,2017,2017,2023/12/19,2023/12/03,,,read,,,,1,0
65213543,"Bookshops & Bonedust (Legends & Lattes, #0)",Travis Baldree,"Baldree, Travis",,"=""1250886104""","=""9781250886101""",0,4.12,Tor Trade,Paperback,336,2023,2023,,2023/12/10,to-read,to-read (#13),to-read,,,,0,0
180357146,The Covenant of Water,Abraham   Verghese,"Verghese, Abraham",,"=""0802162177""","=""9780802162175""",0,4.41,Grove Press,Paperback,715,2025,2023,,2023/12/10,to-read,to-read (#12),to-read,,,,0,0
61771675,Hello Beautiful,Ann Napolitano,"Napolitano, Ann",,"=""""","=""""",0,4.13,The Dial Press,Kindle Edition,416,2023,2023,,2023/12/10,to-read,to-read (#11),to-read,,,,0,0
33574273,"A Wrinkle in Time (Time Quintet, #1)",Madeleine L'Engle,"L'Engle, Madeleine",,"=""1250153271""","=""9781250153272""",5,3.97,Square Fish,Paperback,218,2017,1962,2023/12/10,2023/12/02,,,read,,,,1,0
60194162,Demon Copperhead,Barbara Kingsolver,"Kingsolver, Barbara",,"=""""","=""""",0,4.47,Harper,Hardcover,560,2022,2022,,2023/12/04,to-read,to-read (#10),to-read,,,,0,0
54814676,Crying in H Mart,Michelle Zauner,"Zauner, Michelle",,"=""0525657746""","=""9780525657743""",0,4.23,Knopf,Hardcover,256,2021,2021,,2023/12/04,to-read,to-read (#9),to-read,,,,0,0
30165203,"American Gods: Tenth Anniversary (American Gods, #1)",Neil Gaiman,"Gaiman, Neil",,"=""""","=""""",0,4.10,William Morrow,Kindle Edition,635,2011,2001,,2023/12/03,to-read,to-read (#8),to-read,,,,0,0
41804,"I, Robot (Robot, #0.1)",Isaac Asimov,"Asimov, Isaac",,"=""0553803700""","=""9780553803709""",0,4.21,Bantam Books,Hardcover,224,2004,1950,,2023/12/03,to-read,to-read (#7),to-read,,,,0,0
29579,"Foundation (Foundation, #1)",Isaac Asimov,"Asimov, Isaac",,"=""0553803719""","=""9780553803716""",0,4.17,Bantam,Hardcover,244,2004,1951,,2023/12/03,to-read,to-read (#6),to-read,,,,0,0
39943621,"Fire & Blood (A Targaryen History, #1)",George R.R. Martin,"Martin, George R.R.",Doug Wheatley,"=""152479628X""","=""9781524796280""",0,4.05,Random House Worlds,Hardcover,706,2018,2018,,2023/12/03,to-read,to-read (#5),to-read,,,,0,0
3836,Don Quixote,Miguel de Cervantes Saavedra,"Saavedra, Miguel de Cervantes","John Rutherford, Roberto González Echevarría","=""""","=""""",0,3.91,Penguin Books,Paperback,1023,2003,1615,,2023/12/03,to-read,to-read (#4),to-read,,,,0,0
228665,"The Eye of the World (The Wheel of Time, #1)",Robert Jordan,"Jordan, Robert",,"=""0812511816""","=""9780812511819""",0,4.19,Tor Books,Mass Market Paperback,800,1990,1990,,2023/12/03,to-read,to-read (#3),to-read,,,,0,0
14817,A Scanner Darkly,Philip K. Dick,"Dick, Philip K.",,"=""057507681X""","=""9780575076815""",0,4.03,Gollancz,Paperback,324,2006,1977,,2023/12/03,to-read,to-read (#2),to-read,,,,0,0
49189494,We Are All the Same in the Dark,Julia Heaberlin,"Heaberlin, Julia",,"=""0525621679""","=""9780525621676""",0,3.78,Ballantine Books,Hardcover,352,2020,2020,2023/12/11,2023/12/03,,,read,,,,1,0
32186143,"The Lady of the Lake (The Witcher, #5)",Andrzej Sapkowski,"Sapkowski, Andrzej",David   French,"=""""","=""""",0,4.09,Orbit,Kindle Edition,560,2017,1999,2023/12/03,2023/12/03,,,read,,,,1,0
20170404,Station Eleven,Emily St. John Mandel,"Mandel, Emily St. John",,"=""0385353308""","=""9780385353304""",0,4.07,Knopf,Hardcover,333,2014,2014,2022/12/03,2023/12/03,,,read,,,,1,0
45754981,The Glass Hotel,Emily St. John Mandel,"Mandel, Emily St. John",,"=""0525521143""","=""9780525521143""",0,3.69,Alfred A. Knopf,Hardcover,307,2020,2020,2022/12/11,2023/12/03,,,read,,,,1,0
66797,Smith of Wootton Major & Farmer Giles of Ham,J.R.R. Tolkien,"Tolkien, J.R.R.",Pauline Baynes,"=""""","=""""",0,3.95,Del Rey,Mass Market Paperback,156,1986,1949,2022/12/11,2023/12/03,,,read,,,,1,0
24400501,The Story of Kullervo,J.R.R. Tolkien,"Tolkien, J.R.R.","Verlyn Flieger, Luca Manini, Stefania Marinoni","=""0008131376""","=""9780008131371""",0,3.43,Harper Collins,ebook,192,2015,2015,2022/12/11,2023/12/03,,,read,,,,1,0
18247597,"The Tower of the Swallow (The Witcher, #4)",Andrzej Sapkowski,"Sapkowski, Andrzej",David   French,"=""1473211565""","=""9781473211568""",0,4.22,Gollancz,Paperback,448,2016,1997,2022/12/11,2023/12/03,,,read,,,,1,0
32620332,The Seven Husbands of Evelyn Hugo,Taylor Jenkins Reid,"Reid, Taylor Jenkins",,"=""1501139231""","=""9781501139239""",0,4.40,Atria Books,Hardcover,389,2017,2017,2022/12/11,2023/12/03,,,read,,,,1,0
52845775,Minor Feelings: An Asian American Reckoning,Cathy Park Hong,"Hong, Cathy Park",,"=""1984820362""","=""9781984820365""",0,4.19,One World,Hardcover,209,2020,2020,2022/12/11,2023/12/03,,,read,,,,1,0
8694,"Life, the Universe and Everything (The Hitchhiker's Guide to the Galaxy, #3)",Douglas Adams,"Adams, Douglas",,"=""0345418905""","=""9780345418906""",0,4.16,Random House Worlds,Paperback,224,1997,1982,2022/12/11,2023/12/03,,,read,,,,1,0
338691,"Still Life (Chief Inspector Armand Gamache, #1)",Louise Penny,"Penny, Louise",,"=""0312948557""","=""9780312948559""",0,3.90,St. Martin's Paperbacks,Mass Market Paperback,293,2007,2005,2022/12/11,2023/12/03,,,read,,,,1,0
8695,"The Restaurant at the End of the Universe (The Hitchhiker's Guide to the Galaxy, #2)",Douglas Adams,"Adams, Douglas",,"=""""","=""""",0,4.20,Del Rey,Paperback,250,2005,1980,2022/12/11,2023/12/03,,,read,,,,1,0
11,"The Hitchhiker’s Guide to the Galaxy (Hitchhiker's Guide to the Galaxy, #1)",Douglas Adams,"Adams, Douglas",,"=""""","=""""",0,4.22,Del Rey Books,Mass Market Paperback,216,2005,1979,2022/12/11,2023/12/03,,,read,,,,1,0
33385229,"They Both Die at the End (They Both Die at the End, #1)",Adam Silvera,"Silvera, Adam",,"=""0062457799""","=""9780062457790""",0,3.75,Quill Tree Books,Hardcover,389,2017,2017,2022/12/11,2023/12/03,,,read,,,,1,0
33917107,On Tyranny: Twenty Lessons from the Twentieth Century,Timothy Snyder,"Snyder, Timothy",,"=""0804190119""","=""9780804190114""",0,4.28,Tim Duggan Books,Paperback,127,2017,2017,2022/12/11,2023/12/03,,,read,,,,1,0
100915,"The Lion, the Witch and the Wardrobe (Chronicles of Narnia, #1)",C.S. Lewis,"Lewis, C.S.","Per Svein Paulsen, Tormod Haugen","=""""","=""""",0,4.24,HarperCollins Publishers,Paperback,206,2005,1950,,2023/12/03,to-read,to-read (#1),to-read,,,,0,0
10534,The Art of War,Sun Tzu,"Tzu, Sun",Thomas Cleary,"=""""","=""""",0,3.95,Harper Press,Paperback,170,2005,-500,2021/12/03,2023/12/03,,,read,,,,1,0
1371,The Iliad,Homer,"Homer, Homer","Bernard Knox, Robert Fagles","=""0140275363""","=""9780140275360""",0,3.93,Penguin Classics,Paperback,614,1999,-800,2021/12/11,2023/12/03,,,read,,,,1,0
18656031,"Baptism of Fire (The Witcher, #3)",Andrzej Sapkowski,"Sapkowski, Andrzej",David   French,"=""0316219185""","=""9780316219181""",0,4.26,Orbit,Paperback,400,2014,1996,2021/12/11,2023/12/03,,,read,,,,1,0
14781491,"The Time of Contempt (The Witcher, #2)",Andrzej Sapkowski,"Sapkowski, Andrzej",David   French,"=""0316219134""","=""9780316219136""",0,4.16,Orbit,Paperback,352,2013,1995,2021/12/11,2023/12/03,,,read,,,,1,0
6043781,"Blood of Elves (The Witcher, #1)",Andrzej Sapkowski,"Sapkowski, Andrzej",Danusia Stok,"=""""","=""""",0,4.10,Hachette Book Group,Mass Market Paperback,398,2009,1994,2021/12/11,2023/12/03,,,read,,,,1,0
40603587,"The Last Wish (The Witcher, #0.5)",Andrzej Sapkowski,"Sapkowski, Andrzej",Danusia Stok,"=""""","=""""",0,4.14,Orbit,ebook,400,2008,1993,2021/12/11,2023/12/03,,,read,,,,1,0
14061957,"Ruin and Rising (Shadow and Bone, #3)",Leigh Bardugo,"Bardugo, Leigh",,"=""""","=""""",0,3.97,Henry Holt and Company,Hardcover,432,2014,2014,2021/12/11,2023/12/03,,,read,,,,1,0
14061955,"Siege and Storm (The Shadow and Bone Trilogy, #2)",Leigh Bardugo,"Bardugo, Leigh",,"=""""","=""""",0,3.80,Henry Holt and Company,Hardcover,435,2013,2013,2021/12/11,2023/12/03,,,read,,,,1,0
4865,How to Win Friends & Influence People,Dale Carnegie,"Carnegie, Dale",,"=""""","=""""",0,4.22,Gallery Books,Paperback,288,1998,1936,2021/12/11,2023/12/03,,,read,,,,1,0
6900,"Tuesdays with Morrie: An Old Man, a Young Man, and Life's Greatest Lesson",Mitch Albom,"Albom, Mitch",,"=""""","=""""",0,4.20,Warner,Paperback,210,2000,1997,2021/12/11,2023/12/03,,,read,,,,1,0
37781,"Things Fall Apart (The African Trilogy, #1)",Chinua Achebe,"Achebe, Chinua",,"=""""","=""""",0,3.74,Anchor Books,Paperback,215,1994,1958,2021/12/11,2023/12/03,,,read,,,,1,0
19351,The Epic of Gilgamesh,Anonymous,"Anonymous, Anonymous","Morris Jastrow Jr., John H. Marks, Herbert Mason, John Maier, N.K. Sandars","=""0141026286""","=""9780141026282""",0,3.75,Penguin Books Limited,Paperback,72,2006,-2000,2021/12/11,2023/12/03,,,read,,,,1,0
35959740,Circe,Madeline Miller,"Miller, Madeline",,"=""0316556343""","=""9780316556347""",0,4.22,"Little, Brown and Company",Hardcover,393,2018,2018,2021/12/11,2023/12/03,,,read,,,,1,0
10194157,"Shadow and Bone (Shadow and Bone, #1)",Leigh Bardugo,"Bardugo, Leigh",,"=""1250048117""","=""9781250048110""",0,3.92,Henry Holt & Company,Hardcover,358,2012,2012,2021/12/11,2023/12/03,,,read,,,,1,0
13623848,The Song of Achilles,Madeline Miller,"Miller, Madeline",,"=""""","=""""",0,4.30,Ecco,Paperback,408,2012,2011,2021/12/11,2023/12/03,,,read,,,,1,0
597790,The Children of Húrin,J.R.R. Tolkien,"Tolkien, J.R.R.","Alan  Lee, Christopher Tolkien","=""0007246226""","=""9780007246229""",0,4.06,HarperCollins,Hardcover,315,2007,2007,2021/12/11,2023/12/03,,,read,,,,1,0
7332,The Silmarillion,J.R.R. Tolkien,"Tolkien, J.R.R.","Christopher Tolkien, Ted Nasmith","=""0618391118""","=""9780618391110""",0,4.03,Houghton Mifflin Company,Hardcover,386,2004,1977,2021/12/11,2023/12/03,,,read,,,,1,0
17184,The Invisible Man,H.G. Wells,"Wells, H.G.",Scott Westerfeld,"=""0451528522""","=""9780451528520""",0,3.63,New American Library/Penguin Books,Mass Market Paperback,192,2002,1897,2021/12/11,2023/12/03,,,read,,,,1,0
5129,Brave New World,Aldous Huxley,"Huxley, Aldous",,"=""0060929871""","=""9780060929879""",0,3.99,HarperPerennial / Perennial Classics,Paperback,288,1998,1932,2021/12/11,2023/12/03,,,read,,,,1,0
8908,World War Z: An Oral History of the Zombie War,Max Brooks,"Brooks, Max",,"=""0307346609""","=""9780307346605""",0,4.02,Crown,Hardcover,342,2006,2006,2021/12/11,2023/12/03,,,read,,,,1,0
43263680,"Ninth House (Alex Stern, #1)",Leigh Bardugo,"Bardugo, Leigh",,"=""1250313074""","=""9781250313072""",0,4.00,Flatiron Books,Hardcover,461,2019,2019,2021/12/11,2023/12/03,,,read,,,,1,0
2493,The Time Machine,H.G. Wells,"Wells, H.G.","Carlo Pagetti, Greg Bear","=""""","=""""",0,3.89,Signet Classics,Paperback,118,2002,1895,2021/12/11,2023/12/03,,,read,,,,1,0
7015403,The Gifts of Imperfection,Brené Brown,"Brown, Brené",,"=""159285849X""","=""9781592858491""",0,4.25,Hazelden,Paperback,137,2010,2010,2021/12/11,2023/12/03,,,read,,,,1,0
13588356,"Daring Greatly: How the Courage to Be Vulnerable Transforms the Way We Live, Love, Parent, and Lead",Brené Brown,"Brown, Brené",,"=""1592407331""","=""9781592407330""",0,4.29,Avery,Hardcover,287,2012,2012,2021/12/11,2023/12/03,,,read,,,,1,0
33,The Lord of the Rings,J.R.R. Tolkien,"Tolkien, J.R.R.",Alan Lee,"=""0618640150""","=""9780618640157""",0,4.54,Houghton Mifflin Harcourt,Paperback,1216,2005,1954,2021/12/11,2023/12/03,,,read,,,,1,0
23613,"Sir Gawain and the Green Knight, Pearl, and Sir Orfeo",J.R.R. Tolkien,"Tolkien, J.R.R.",Christopher Tolkien,"=""""","=""""",0,3.98,HarperCollins Publishers,Paperback,158,1995,1975,2021/12/03,2023/12/03,,,read,,,,1,0
13497818,The Casual Vacancy,J.K. Rowling,"Rowling, J.K.",,"=""0316228532""","=""9780316228534""",0,3.31,"Little, Brown and Company",Hardcover,503,2012,2012,2021/12/11,2023/12/03,,,read,,,,1,0
61439040,1984,George Orwell,"Orwell, George",Thomas Pynchon,"=""0452284236""","=""9780452284234""",0,4.20,Plume,Paperback,368,2022,1949,2021/12/11,2023/12/03,,,read,,,,1,0
43306206,"The Courage to Be Disliked: How to Free Yourself, Change Your Life and Achieve Real Happiness",Ichiro Kishimi,"Kishimi, Ichiro",Fumitake Koga,"=""""","=""""",0,3.92,Allen & Unwin,Paperback,288,2019,2013,2021/12/11,2023/12/03,,,read,,,,1,0
5107,The Catcher in the Rye,J.D. Salinger,"Salinger, J.D.",,"=""0316769177""","=""9780316769174""",0,3.80,Back Bay Books,Paperback,277,2001,1951,2021/12/11,2023/12/03,,,read,,,,1,0
7624,Lord of the Flies,William Golding,"Golding, William",,"=""0140283331""","=""9780140283334""",0,3.70,Penguin Books ,Paperback,182,1999,1954,2021/12/11,2023/12/03,,,read,,,,1,0
45869112,The Bear,Andrew Krivak,"Krivak, Andrew",,"=""1942658702""","=""9781942658702""",0,3.90,Bellevue Literary Press,Paperback,224,2020,2020,2021/12/11,2023/12/03,,,read,,,,1,0
153747,"Moby-Dick or, The Whale",Herman Melville,"Melville, Herman","Tom Quirk, Andrew Delbanco","=""0142437247""","=""9780142437247""",0,3.56,Penguin Classics ,Paperback,720,2003,1851,2021/12/11,2023/12/03,,,read,,,,1,0
6892870,"The Girl Who Kicked the Hornet’s Nest (Millennium, #3)",Stieg Larsson,"Larsson, Stieg",Reg Keeland,"=""030726999X""","=""9780307269997""",0,4.24,Knopf,Hardcover,566,2010,2007,2021/12/11,2023/12/03,,,read,,,,1,0
13624688,The Time Keeper,Mitch Albom,"Albom, Mitch",,"=""1401322786""","=""9781401322786""",0,3.90,Hyperion,Hardcover,224,2012,2012,2021/12/11,2023/12/03,,,read,,,,1,0
375802,"Ender’s Game (Ender's Saga, #1)",Orson Scott Card,"Card, Orson Scott",,"=""0812550706""","=""9780812550702""",0,4.31,Tor,Mass Market Paperback,324,2004,1985,2021/12/11,2023/12/03,,,read,,,,1,0
34002132,"Oathbringer (The Stormlight Archive, #3)",Brandon Sanderson,"Sanderson, Brandon",,"=""""","=""""",0,4.61,Tor Books,Hardcover,1248,2017,2017,2021/12/11,2023/12/03,,,read,,,,1,0
8909,The War of the Worlds,H.G. Wells,"Wells, H.G.",Arthur C. Clarke,"=""0375759239""","=""9780375759239""",0,3.83,Random House Publishing Group,Paperback,192,2002,1898,2021/12/03,2023/12/03,,,read,,,,1,0
26082916,"Ready Player Two (Ready Player One, #2)",Ernest Cline,"Cline, Ernest",,"=""1524761338""","=""9781524761332""",0,3.44,Ballantine Books,Hardcover,370,2020,2020,2020/12/03,2023/12/03,,,read,,,,1,0
17332218,"Words of Radiance (The Stormlight Archive, #2)",Brandon Sanderson,"Sanderson, Brandon",,"=""0765326361""","=""9780765326362""",0,4.76,Tor Books,Hardcover,1088,2014,2014,2020/12/11,2023/12/03,,,read,,,,1,0
7235533,"The Way of Kings (The Stormlight Archive, #1)",Brandon Sanderson,"Sanderson, Brandon",,"=""0765326353""","=""9780765326355""",0,4.66,Tor Books,Hardcover,1007,2010,2010,2020/12/11,2023/12/03,,,read,,,,1,0
9590632,Leche,R. Zamora Linmark,"Linmark, R. Zamora",,"=""1566892546""","=""9781566892544""",0,3.70,Coffee House Press,Paperback,361,2011,2011,2020/12/11,2023/12/03,,,read,,,,1,0
873809,Chapterhouse Dune (Dune #6),Frank Herbert,"Herbert, Frank",,"=""0450058867""","=""9780450058868""",0,3.86,New English Library,Mass Market Paperback,476,1986,1985,2020/12/11,2023/12/03,,,read,,,,1,0
44492287,Heretics of Dune (Dune #5),Frank Herbert,"Herbert, Frank",,"=""0593098269""","=""9780593098264""",0,3.85,Ace,Paperback,669,2019,1984,2020/12/11,2023/12/03,,,read,,,,1,0
40293,Pastwatch: The Redemption of Christopher Columbus,Orson Scott Card,"Card, Orson Scott",,"=""0812508645""","=""9780812508642""",0,3.97,Tor,Mass Market Paperback,402,1997,1996,2020/12/11,2023/12/03,,,read,,,,1,0
76658,"On a Pale Horse (Incarnations of Immortality, #1)",Piers Anthony,"Anthony, Piers",,"=""0345338588""","=""9780345338587""",0,4.13,Del Rey,Paperback,325,1986,1983,2020/12/11,2023/12/03,,,read,,,,1,0
29100194,Against Empathy: The Case for Rational Compassion,Paul Bloom,"Bloom, Paul",,"=""0062339338""","=""9780062339331""",0,3.58,Ecco,Hardcover,285,2016,2016,2020/12/11,2023/12/03,,,read,,,,1,0
849380,The Seven Principles for Making Marriage Work: A Practical Guide from the Country's Foremost Relationship Expert,John M. Gottman,"Gottman, John M.",Nan Silver,"=""0609805797""","=""9780609805794""",0,4.26,Harmony,Paperback,271,1999,1999,2020/12/11,2023/12/03,,,read,,,,1,0
26152839,"The Fork, the Witch, and the Worm: Eragon (Tales from Alagaësia #1; The Inheritance Cycle World)",Christopher Paolini,"Paolini, Christopher",,"=""1984894889""","=""9781984894885""",0,3.81,Knopf Books for Young Readers,ebook,288,2018,2018,2020/12/11,2023/12/03,,,read,,,,1,0
44439415,God Emperor of Dune (Dune #4),Frank Herbert,"Herbert, Frank",,"=""0593098250""","=""9780593098257""",0,3.88,Ace,Paperback,587,2019,1981,2020/12/11,2023/12/03,,,read,,,,1,0
10239382,The Ritual,Adam L.G. Nevill,"Nevill, Adam L.G.",,"=""0230754929""","=""9780230754928""",0,3.56,Pan Publishing,Paperback,418,2011,2011,2020/12/11,2023/12/03,,,read,,,,1,0
44492286,Children of Dune (Dune #3),Frank Herbert,"Herbert, Frank",,"=""0593098242""","=""9780593098240""",0,3.95,Ace,Paperback,609,2019,1976,2020/12/11,2023/12/03,,,read,,,,1,0
44492285,Dune Messiah (Dune #2),Frank Herbert,"Herbert, Frank",Brian Herbert,"=""0593098234""","=""9780593098233""",0,3.89,Ace,Mass Market Paperback,336,2019,1969,2020/12/11,2023/12/03,,,read,,,,1,0
52382796,"Shōgun (Asian Saga, #1)",James Clavell,"Clavell, James",,"=""1982603844""","=""9781982603847""",0,4.41,Blackstone Publishing,Paperback,1152,2020,1975,2020/12/11,2023/12/03,,,read,,,,1,0
44767458,Dune (Dune #1),Frank Herbert,"Herbert, Frank",,"=""059309932X""","=""9780593099322""",0,4.29,Ace,Hardcover,658,2019,1965,2020/12/11,2023/12/03,,,read,,,,1,0
8520610,Quiet: The Power of Introverts in a World That Can't Stop Talking,Susan Cain,"Cain, Susan",,"=""0307352145""","=""9780307352149""",0,4.08,Crown Publishers,Hardcover,333,2012,2012,2020/12/11,2023/12/03,,,read,,,,1,0
7144,Crime and Punishment,Fyodor Dostoevsky,"Dostoevsky, Fyodor","Joseph Frank, David McDuff","=""""","=""""",0,4.29,Penguin,Paperback,671,2002,1866,2020/12/11,2023/12/03,,,read,,,,1,0
7664041,"Inheritance (The Inheritance Cycle, #4)",Christopher Paolini,"Paolini, Christopher",,"=""0375856110""","=""9780375856112""",0,4.17,Alfred A. Knopf,Hardcover,849,2011,2011,2020/12/11,2023/12/03,,,read,,,,1,0
42188104,Ace Lone Wolf and the Lost Temple of Totec (Lone Wolf Howls #1),Eric T. Knight,"Knight, Eric T.",,"=""""","=""""",0,3.98,Knightwriter Publishing,Kindle Edition,257,2018,2017,2020/12/11,2023/12/03,,,read,,,,1,0
2248573,"Brisingr (The Inheritance Cycle, #3)",Christopher Paolini,"Paolini, Christopher",,"=""0375826726""","=""9780375826726""",0,4.11,Alfred A. Knopf,Hardcover,748,2008,2008,2020/12/11,2023/12/03,,,read,,,,1,0
45978,"Eldest (The Inheritance Cycle, #2)",Christopher Paolini,"Paolini, Christopher",,"=""0375840400""","=""9780375840401""",0,4.05,Knopf Books for Young Readers,Paperback,704,2007,2005,2020/12/11,2023/12/03,,,read,,,,1,0
11449,Cathedral,Raymond Carver,"Carver, Raymond",,"=""0679723692""","=""9780679723691""",0,4.24,Vintage Contemporaries,Paperback,230,1989,1983,2020/12/11,2023/12/03,,,read,,,,1,0
113436,Eragon (The Inheritance Cycle #1),Christopher Paolini,"Paolini, Christopher",,"=""0375826696""","=""9780375826696""",0,3.96,Alfred A. Knopf,Paperback,503,2005,2002,2020/12/11,2023/12/03,,,read,,,,1,0
238137,"Purity in Death (In Death, #15)",J.D. Robb,"Robb, J.D.",,"=""0749934417""","=""9780749934415""",0,4.38,Piatkus Paperback,Paperback,355,2005,2002,2020/12/11,2023/12/03,,,read,,,,1,0
18143977,All the Light We Cannot See,Anthony Doerr,"Doerr, Anthony",,"=""1476746583""","=""9781476746586""",0,4.31,Scribner,Hardcover,531,2014,2014,2020/12/11,2023/12/03,,,read,,,,1,0
119322,"The Golden Compass (His Dark Materials, #1)",Philip Pullman,"Pullman, Philip",,"=""0679879242""","=""9780679879244""",0,4.03,RANDOM HOUSE TRADE,Hardcover,399,1996,1995,2020/12/11,2023/12/03,,,read,,,,1,0
5060378,The Girl Who Played with Fire (Millennium #2),Stieg Larsson,"Larsson, Stieg",Reg Keeland,"=""0307269981""","=""9780307269980""",0,4.26,Alfred A. Knopf,Hardcover,503,2009,2006,2020/12/11,2023/12/03,,,read,,,,1,0
2429135,"The Girl With the Dragon Tattoo (Millennium, #1)",Stieg Larsson,"Larsson, Stieg",Reg Keeland,"=""0670069019""","=""9780670069019""",0,4.18,Viking Canada,Hardcover,480,2008,2005,2020/12/11,2023/12/03,,,read,,,,1,0
17245,Dracula,Bram Stoker,"Stoker, Bram","Rubén Toledo, David J. Skal, Nina Auerbach","=""0393970124""","=""9780393970128""",0,4.02,Norton,Paperback,488,1986,1897,2020/12/11,2023/12/03,,,read,,,,1,0
238140,"Reunion in Death (In Death, #14)",J.D. Robb,"Robb, J.D.",,"=""0749934409""","=""9780749934408""",0,4.38,Piatkus,Paperback,371,2004,2002,2020/12/11,2023/12/03,,,read,,,,1,0
133518,The Things They Carried,Tim O'Brien,"O'Brien, Tim",,"=""0767902890""","=""9780767902892""",0,4.14,Broadway,Paperback,246,1998,1990,2020/12/11,2023/12/03,,,read,,,,1,0
39795040,the dog days of laurie summer,Patricia Gaffney,"Gaffney, Patricia",,"=""""","=""""",0,3.47,,Unknown Binding,94,2009,2009,2020/12/11,2023/12/03,,,read,,,,1,0
6498356,"Missing in Death (In Death, #29.5)",J.D. Robb,"Robb, J.D.",Susan Ericksen,"=""142338363X""","=""9781423383635""",0,4.23,Brilliance Audio,MP3 CD,4,2009,2009,2020/12/11,2023/12/03,,,read,,,,1,0
61170765,IQ84,Haruki Murakami,"Murakami, Haruki",,"=""""","=""""",0,3.95,,Paperback,928,2009,2009,2020/12/11,2023/12/03,,,read,,,,1,0
7445,The Glass Castle,Jeannette Walls,"Walls, Jeannette",,"=""074324754X""","=""9780743247542""",0,4.33,Scribner,Paperback,288,2006,2005,2020/12/11,2023/12/03,,,read,,,,1,0
1150161,Murder on Ice (A Figure Skating Mystery #1),Alina Adams,"Adams, Alina",,"=""0425193071""","=""9780425193075""",0,3.18,Berkley,Mass Market Paperback,304,2003,2003,2020/12/11,2023/12/03,,,read,,,,1,0
19286587,Island of a Thousand Mirrors,Nayomi Munaweera,"Munaweera, Nayomi",,"=""125004393X""","=""9781250043931""",0,4.03,St. Martin's Press,Hardcover,242,2014,2012,2020/12/11,2023/12/03,,,read,,,,1,0
937017,The Floor of the Sky (Flyover Fiction),Pamela Carter Joern,"Joern, Pamela Carter",,"=""0803276311""","=""9780803276314""",0,3.73,Bison Books,Paperback,238,2006,2006,2020/12/11,2023/12/03,,,read,,,,1,0
32920226,"Sing, Unburied, Sing",Jesmyn Ward,"Ward, Jesmyn",,"=""""","=""""",0,4.00,Scribner,Hardcover,285,2017,2017,2020/12/11,2023/12/03,,,read,,,,1,0
168981,QBQ! The Question Behind the Question: Practicing Personal Accountability in Work and in Life,John G. Miller,"Miller, John G.",,"=""0399152334""","=""9780399152337""",0,3.80,Tarcher,Hardcover,115,2004,2014,2020/12/11,2023/12/03,,,read,,,,1,0
35356383,"To Shake the Sleeping Self: A Journey from Oregon to Patagonia, and a Quest for a Life with No Regret",Jedidiah Jenkins,"Jenkins, Jedidiah",,"=""1524761389""","=""9781524761387""",0,3.95,Convergent Books,Hardcover,336,2018,2018,2020/12/11,2023/12/03,,,read,,,,1,0
39715684,"Unfuck Yourself: Raus aus dem Kopf, rein ins Leben!",Gary John Bishop,"Bishop, Gary John",Jochen Lehner,"=""3957361133""","=""9783957361134""",0,3.83,L.E.O.,Kindle Edition,143,2018,2016,2020/12/11,2023/12/03,,,read,,,,1,0
3153910,The Art of Racing in the Rain,Garth Stein,"Stein, Garth",,"=""1554681723""","=""9781554681723""",0,4.23,Harper Collins,Hardcover,336,2008,2008,2020/12/11,2023/12/03,,,read,,,,1,0
51326977,"The Lords of the Wind  (The Saga of Hasting the Avenger, #1)",C.J. Adrien,"Adrien, C.J.",,"=""0989929159""","=""9780989929158""",0,4.28,Runestone Books,Kindle Edition,339,2019,2014,2020/12/11,2023/12/03,,,read,,,,1,0
51113,The Samurai's Garden,Gail Tsukiyama,"Tsukiyama, Gail",,"=""0312144075""","=""9780312144074""",0,4.16,St. Martin's Griffin,Paperback,211,1995,1995,2020/12/11,2023/12/03,,,read,,,,1,0
19288043,Gone Girl,Gillian Flynn,"Flynn, Gillian",,"=""0307588378""","=""9780307588371""",0,4.15,Ballantine Books,Paperback,415,2014,2012,2020/12/11,2023/12/03,,,read,,,,1,0
12262741,Wild: From Lost to Found on the Pacific Crest Trail,Cheryl Strayed,"Strayed, Cheryl",,"=""0307592731""","=""9780307592736""",0,4.07,Knopf,Hardcover,336,2012,2012,2020/12/11,2023/12/03,,,read,,,,1,0
40102,Blink: The Power of Thinking Without Thinking,Malcolm Gladwell,"Gladwell, Malcolm","Irina Henegar, Barry Fox","=""0316010669""","=""9780316010665""",0,3.96,Back Bay Books,Paperback,296,2007,2005,2020/12/11,2023/12/03,,,read,,,,1,0
29780253,Born a Crime: Stories From a South African Childhood,Trevor Noah,"Noah, Trevor",,"=""0385689225""","=""9780385689229""",0,4.49,Doubleday Canada,Hardcover,289,2016,2016,2020/12/11,2023/12/03,,,read,,,,1,0
27214080,"Five Presidents: My Extraordinary Journey with Eisenhower, Kennedy, Johnson, Nixon, and Ford",Clint Hill,"Hill, Clint",Lisa McCubbin Hill,"=""1476794138""","=""9781476794136""",0,4.29,Gallery Books,Hardcover,451,2016,2016,2020/12/11,2023/12/03,,,read,,,,1,0
2612,The Tipping Point: How Little Things Can Make a Big Difference,Malcolm Gladwell,"Gladwell, Malcolm",,"=""""","=""""",0,4.01,Time Warner Book Group,Paperback,301,2002,2000,2020/12/11,2023/12/03,,,read,,,,1,0
34273236,Little Fires Everywhere,Celeste Ng,"Ng, Celeste",,"=""0735224293""","=""9780735224292""",0,4.07,Penguin Press,Hardcover,338,2017,2017,2020/12/11,2023/12/03,,,read,,,,1,0
6288,The Road,Cormac McCarthy,"McCarthy, Cormac",,"=""0307265439""","=""9780307265432""",0,4.00,Alfred A. Knopf,Hardcover,241,2006,2006,2020/12/11,2023/12/03,,,read,,,,1,0
36124936,The Outsider (Holly Gibney #1),Stephen        King,"King, Stephen",,"=""1501180983""","=""9781501180989""",0,4.01,Scribner,Hardcover,561,2018,2018,2020/12/11,2023/12/03,,,read,,,,1,0
40097951,The Silent Patient,Alex Michaelides,"Michaelides, Alex",,"=""1250301696""","=""9781250301697""",0,4.17,Celadon Books,Hardcover,336,2019,2019,2020/12/11,2023/12/03,,,read,,,,1,0
40389527,The Woman in the Window,A.J. Finn,"Finn, A.J.",,"=""""","=""""",0,3.94,William Morrow,Kindle Edition,455,2018,2018,2020/12/03,2023/12/03,,,read,,,,1,0
38389488,The Reckoning,John Grisham,"Grisham, John",,"=""""","=""""",0,3.75,Doubleday,Hardcover,420,2018,2018,2020/12/02,2023/12/02,,,read,,,,1,0
39863488,The Lost Man,Jane Harper,"Harper, Jane",,"=""1250105684""","=""9781250105684""",0,4.16,Flatiron Books,Hardcover,340,2019,2018,2020/12/02,2023/12/02,,,read,,,,1,0
43848929,Talking to Strangers: What We Should Know About the People We Don't Know,Malcolm Gladwell,"Gladwell, Malcolm",,"=""0316478520""","=""9780316478526""",0,4.00,"Little, Brown and Company",Hardcover,388,2019,2019,2020/12/02,2023/12/02,,,read,,,,1,0
30141085,Siddartha,Hermann Hesse,"Hesse, Hermann",,"=""""","=""""",0,4.08,,Paperback,131,,1922,2020/12/02,2023/12/02,,,read,,,,1,0
