,Book Id,Category
8,22878967,Epic
9,22878967,Fantasy
10,22878967,Fantasy Fiction
13,22878967,Imaginary Wars And Battles
15,37640636,Action & Adventure
16,37640636,Fantasy
20,37640636,Science Fiction
21,13452375,Fantasy
22,13452375,Fantasy Fiction
29,13452375,Science Fiction
30,13452375,Short Stories
39,623976,Children'S Fiction
42,623976,Etc. Pour La Jeunesse
43,623976,Fantasy
44,623976,Fantasy Fiction
50,623976,Juvenile Fiction
57,623976,Nouvelles
58,623976,Novela Fantástica
59,623976,Novela Juvenil
62,56269205,English Literature
65,56269205,Fiction / Fantasy / Epic
71,35606041,English Literature
72,35606041,Epic
73,35606041,Fantasy
74,35606041,Fantasy Fiction
77,35606041,Historical
78,35606041,Imaginary Places
79,35606041,Imaginary Wars And Battles
80,35606041,Kings And Rulers
81,35606041,Magic
85,26114463,Epic
86,26114463,Fantasy
88,26114463,Historical
89,26114463,Revenge
90,50659468,Action & Adventure
91,50659468,Adaptations
93,50659468,Children'S Fiction
95,50659468,Courts And Courtiers
96,50659468,Etc. Pour La Jeunesse
98,50659468,Fantasy
100,50659468,Fantasy Fiction
105,50659468,Magic
107,50659468,Nouvelles
111,60531410,Fantasy
112,60531410,Humor
113,60531410,Science Fiction
115,60531410,Time Travel
116,230824619,Crime
118,230824619,Mystery
119,230824619,Mystery Thriller
122,230824619,Short Stories
123,230824619,Suspense
124,230824619,Thriller
126,54919156,American Literature
129,13496,Action & Adventure
131,13496,American Fantasy Fiction
135,13496,Courts And Courtiers
136,13496,Dragons
137,13496,Epic
138,13496,Epic Fantasy
143,13496,Fantasy
144,13496,Fantasy Fiction
151,13496,Good And Evil
157,13496,Imaginary Places
158,13496,Imaginary Wars And Battles
162,13496,Kings And Rulers
166,13496,Magic
175,13496,Revenge
178,13496,Science Fiction
198,4069,Biographies
199,4069,Biography
206,4069,Drama
217,4069,German
265,4069,Psychology
273,4069,Social Psychology
276,4069,War
281,56922594,Family Life
287,16130549,Alcoholism
290,16130549,Good And Evil
291,16130549,Horror
292,16130549,Horror Fiction
301,16130549,Suspense Fiction
302,11588,Alcoholism
303,11588,American Literature
313,11588,Families
322,11588,Horror
325,11588,Horror Fiction
326,11588,Horror Tales
340,11588,Psychological
344,11588,Suspense
346,11588,Thrillers
354,54120408,British And Irish Fiction (Fictional Works By One Author)
355,54120408,Dystopian
358,54120408,Fiction / Literary
361,54120408,Friendship
364,54120408,Literary
365,54120408,Love
367,54120408,Nouvelles
372,54120408,Science Fiction
376,34703445,Adventure
379,34703445,Fantasy
385,34703445,Humor
390,49021976,Action & Adventure
392,49021976,American Literature
393,49021976,Epic
394,49021976,Fantasy
397,58446227,Action & Adventure
400,58446227,English Literature
401,58446227,Epidemics
404,58446227,Nouvelles
406,58446227,Science Fiction
409,58446227,Time Travel
417,45300567,English Literature
422,45300567,Mystery
423,45300567,Mystery Thriller
426,45300567,Psychological
429,45300567,Suspense
431,45300567,Thriller
432,45300567,Thrillers
440,52578297,Decision Making
441,52578297,Fantasy
443,52578297,Fiction / Literary
449,52578297,Literary
452,52578297,Nouvelles
456,52578297,Science Fiction
458,25451264,Action & Adventure
461,25451264,Extraterrestrial Beings
468,25451264,Imaginary Wars And Battles
469,25451264,Science Fiction
470,25451264,Survival
472,68428,Adventure
473,68428,Courts And Courtiers
475,68428,Epic
476,68428,Fantasía
481,68428,Good And Evil
482,68428,Magia
483,68428,Magic
492,58784475,American Literature
497,68429,Courts And Courtiers
499,68429,Epic
501,68429,Fantasy
502,68429,Fantasy Fiction
503,68429,Fantasía
506,68429,Good And Evil
508,68429,Imaginary Places
511,68429,Magic
513,68429,Nouvelles
517,2767793,Children'S Fiction
518,2767793,Epic Fantasy
519,2767793,Fantasy
520,2767793,Fantasy Fiction
523,2767793,Imaginary Places
524,2767793,Magic
525,56783258,American Literature
528,56783258,Historical
535,56783258,Science Fiction
538,60652997,American Literature
540,60652997,Fantasy
546,60652997,Thrillers
547,35133922,Biography & Autobiography
548,17333223,Amerikanisches Englisch
554,17333223,Bildungsromans
555,17333223,Chang Pian Xiao Shuo
556,17333223,Coming Of Age
557,17333223,Family Life
561,17333223,Fiction / Literary
563,17333223,Friendship
568,17333223,Literary
570,17333223,New York (N.Y.)
572,17333223,Nouvelles
576,17333223,Psychological
579,17333223,Roman
584,17333223,Spanish Language Materials
585,17333223,Survival
586,17333223,Suspense Fiction
588,17333223,Young Men
589,54493401,Action & Adventure
605,54493401,Nouvelles
608,54493401,Science Fiction
609,54493401,Science-Fiction
610,54493401,Shipwrecks
612,54493401,Survival
617,221733722,American Literature
619,221733722,Horror
620,221733722,Mystery
621,221733722,Mystery Thriller
623,221733722,Suspense
624,221733722,Thriller
632,41881472,Business & Economics
634,41881472,Ethics
643,41881472,Psychology
654,15839976,Fantasy
666,18693771,Alcoholism
693,18693771,Psychology
711,68427,Epic
712,68427,Fantasy
713,68427,Fantasy Fiction
715,68427,Fiction / Fantasy / Epic
718,68427,Nouvelles
724,57850265,American Literature
727,57850265,Epidemics
730,57850265,Fiction / Literary
732,57850265,Interpersonal Relations
733,57850265,Life On Other Planets
735,57850265,Nouvelles
747,52397,American Literature
749,52397,Audiobooks
752,52397,Comic Books
753,52397,Comics & Graphic Novels
756,52397,Dystopian
757,52397,Dystopias
763,52397,Literary
767,52397,Science Fiction
768,52397,Strips
769,52397,Survival
777,18952381,Fantasy
779,18952381,Fiction / Action & Adventure
780,18952381,Fiction / Fantasy / Epic
782,18952381,Friendship
784,18952381,Imaginary Wars And Battles
788,51942513,Conduct Of Life
795,51942513,Psychology
796,51942513,Self-Help
801,1303,Audiobooks
803,1303,Business & Economics
804,1303,Conduct Of Life
834,1303,Psychology
835,1303,Self-Help
844,9547888,Interpersonal Relations
846,9547888,Psychology
855,44421460,Friendship
857,44421460,Love
863,44421460,Time Travel
869,23168277,Historical
873,23168277,Thrillers
876,23168277,War & Military
885,6334,England
886,6334,English Literature
892,6334,Friendship
898,6334,Literary
899,6334,Literature
901,6334,Nouvelles
907,6334,Psychological
908,6334,Psychological Fiction
912,6334,Science Fiction
925,10846336,Amerikanisches Englisch
926,10846336,Brothers And Sisters
928,10846336,Family Life
935,10846336,Literary
944,10846336,Reading Level-Grade 7
945,10846336,Reading Level-Grade 8
947,10846336,Roman
954,23515727,American Fiction
955,23515727,American Fiction (Fictional Works By One Author)
959,23515727,Literature
963,23515727,Psychological
964,23515727,Psychological Fiction
966,23515727,Spanish Language Materials
967,23515727,Suspense
968,23515727,Suspense Fiction
971,23515727,Thrillers
980,77203,American Fiction
988,77203,Bildungsromans
994,77203,Coming Of Age
996,77203,Drama
1000,77203,Fictional Works
1004,77203,Friendship
1009,77203,Historical Fiction
1011,77203,Interpersonal Relations
1016,77203,Literature
1025,77203,Nouvelles
1029,77203,Open Syllabus Project
1047,18774964,Conduct Of Life
1054,18774964,Friendship
1057,18774964,Humor
1060,18774964,Interpersonal Relations
1064,18774964,Love
1084,36642458,Action & Adventure
1086,36642458,American Literature
1087,36642458,Children'S Fiction
1088,36642458,Dystopian
1089,36642458,Extraterrestrial Beings
1092,36642458,Juvenile Fiction
1094,36642458,Science Fiction
1096,36642458,Shipwrecks
1097,36642458,Survival
1100,36642458,War
1102,36642458,Young Adult Fiction
1103,18952341,Action & Adventure
1105,18952341,Epic
1106,18952341,Fantasy
1108,18952341,Fiction / Action & Adventure
1109,18952341,Fiction / Fantasy / Epic
1111,18952341,Friendship
1113,18952341,Imaginary Places
1115,18952341,Magic
1124,12505,Classic Literature
1128,12505,English Fiction
1129,12505,English Language
1130,12505,English Literature
1134,12505,Fiction In English
1137,12505,German
1138,12505,Good And Evil
1140,12505,Historical Fiction
1141,12505,History
1144,12505,Nouvelles
1159,12505,Translations Into English
1164,50898126,American Literature
1186,180357146,Families
1188,180357146,Historical Fiction
1193,33574273,Adventure And Adventurers
1196,33574273,American Fiction
1198,33574273,Brothers And Sisters
1199,33574273,Children'S Fiction
1200,33574273,Classics
1201,33574273,Decision Making
1203,33574273,Extraterrestrial Beings
1204,33574273,Families
1205,33574273,Family Life
1206,33574273,Fantasy
1207,33574273,Fantasy Fiction
1210,33574273,Friendship
1213,33574273,Good And Evil
1216,33574273,Juvenile Fiction
1220,33574273,Love
1221,33574273,Missing Persons
1234,33574273,Reading Level-Grade 7
1235,33574273,Reading Level-Grade 8
1239,33574273,Science Fiction
1242,33574273,Time Travel
1254,54814676,Biographies
1255,54814676,Biography
1256,54814676,Biography & Autobiography
1262,54814676,Death
1286,54814676,United States
1289,41804,American Literature
1290,41804,American Science Fiction
1294,41804,Children'S Fiction
1307,41804,Readers
1316,41804,Roman
1317,41804,Science Fiction
1320,41804,Short Stories
1326,41804,Thriller
1327,29579,American Fantasy Fiction
1328,29579,American Literature
1329,29579,American Science Fiction
1334,29579,Life On Other Planets
1336,29579,Nouvelles
1341,29579,Psychological Fiction
1344,29579,Science Fiction
1346,39943621,Dragons
1347,39943621,Epic
1349,39943621,Fantasy
1351,39943621,Fiction / Action & Adventure
1353,39943621,Fiction / Fantasy / Epic
1354,39943621,Good And Evil
1355,39943621,Imaginary Places
1356,39943621,Imaginary Wars And Battles
1357,39943621,Kings And Rulers
1359,39943621,Magic
1371,228665,American Literature
1372,228665,Children'S Fiction
1374,228665,Comic Books
1375,228665,Comics & Graphic Novels
1376,228665,Epic
1377,228665,Fantasy
1379,228665,Fantasy Fiction
1382,228665,Good And Evil
1387,228665,Science Fiction
1389,228665,Strips
1390,14817,American Science Fiction
1392,14817,Comics & Graphic Novels
1396,14817,Fiction In English
1402,14817,Police
1403,14817,Science Fiction
1405,49189494,American Literature
1408,20170404,Action & Adventure
1410,20170404,Adventure
1411,20170404,Amerikanisches Englisch
1415,20170404,Dystopian
1416,20170404,Epidemics
1418,20170404,Fiction / Literary
1421,20170404,Literary
1424,20170404,Science Fiction
1427,20170404,Time Travel
1429,45754981,Brothers And Sisters
1431,45754981,English Literature
1433,45754981,Fiction / Literary
1438,45754981,Missing Persons
1439,45754981,Mystery & Detective
1440,45754981,Mystery Fiction
1444,45754981,Psychological
1447,24400501,Fantasy
1452,24400501,History And Criticism
1455,24400501,Revenge
1457,24400501,Young Men
1458,18247597,Fantasy
1459,18247597,Fantasy Fiction
1465,32620332,Biography
1469,32620332,Family Life
1474,32620332,Man-Woman Relationships
1486,52845775,Biographies
1487,52845775,Biography
1488,52845775,Biography & Autobiography
1494,52845775,History
1501,52845775,United States
1510,8694,English Literature
1511,8694,Fantasy
1525,8694,Science Fiction
1543,338691,Mystery & Detective
1545,338691,Nouvelles
1546,338691,Police
1550,338691,Suspense
1556,33385229,Adventure And Adventurers
1557,33385229,Children'S Fiction
1558,33385229,Death
1560,33385229,Friendship
1565,33385229,Juvenile Fiction
1567,33385229,Love
1568,33385229,New York (N.Y.)
1571,33385229,Young Adult Fiction
1578,33917107,History
1602,1371,Adventure
1605,1371,Children'S Fiction
1611,1371,Comics & Graphic Novels
1617,1371,English Language
1618,1371,English Literature
1622,1371,Etc. Pour La Jeunesse
1652,1371,Historical
1653,1371,History And Criticism
1669,1371,Literature
1678,1371,Nouvelles
1701,1371,Readers
1706,1371,Traducciones Al Español
1714,1371,Translations Into English
1734,1371,War
1735,1371,War & Military
1738,18656031,Fantasy
1742,14781491,Action & Adventure
1746,14781491,Epic
1747,14781491,Fantasy
1750,14781491,Magic
1752,14781491,Murder
1771,19351,Translations Into English
1774,35959740,Animals
1779,35959740,Fantasy
1783,35959740,Fiction / Literary
1791,35959740,Historical
1792,35959740,Historical Fiction
1794,35959740,Literary
1795,35959740,Magic
1812,597790,British And Irish Fiction (Fictional Works By One Author)
1814,597790,English Fiction
1815,597790,Epic
1817,597790,Fantasy
1818,597790,Fantasy Fiction
1824,597790,Novela Fantástica
1826,597790,Roman
1830,7332,Action & Adventure
1832,7332,British And Irish Fiction (Fictional Works By One Author)
1837,7332,English Fiction
1838,7332,English Literature
1839,7332,Epic
1841,7332,Fantasy
1842,7332,Fantasy Fiction
1847,7332,Short Stories
1851,17184,Adaptations
1853,17184,British And Irish Fiction (Fictional Works By One Author)
1855,17184,Children'S Fiction
1856,17184,Ciencia-Ficción
1857,17184,Classic Literature
1859,17184,Comic Books
1861,17184,England
1862,17184,English Fiction
1863,17184,English Language
1864,17184,English Literature
1865,17184,English Science Fiction
1873,17184,German
1875,17184,Historical
1876,17184,History And Criticism
1877,17184,Horror Tales
1878,17184,Juvenile Fiction
1885,17184,Psychological Fiction
1886,17184,Readers
1893,17184,Science Fiction
1898,17184,Strips
1899,17184,Time Travel
1901,5129,American Fiction (Fictional Works By One Author)
1905,5129,Audiobooks
1907,5129,British And Irish Fiction (Fictional Works By One Author)
1912,5129,Ciencia-Ficción
1914,5129,Classics
1922,5129,Dystopian
1923,5129,Dystopias
1925,5129,English Fiction
1926,5129,English Literature
1927,5129,English Science Fiction
1929,5129,Ethics
1932,5129,Fiction In English
1938,5129,History And Criticism
1942,5129,Literature
1949,5129,Nouvelles
1955,5129,Psychological
1956,5129,Psychological Fiction
1963,5129,Roman
1968,5129,Science Fiction
1969,5129,Science-Fiction
1978,8908,Epidemics
1984,8908,Horror
1985,8908,Horror Fiction
1986,8908,Horror Tales
1987,8908,Humor
1988,8908,Imaginary Wars And Battles
1991,8908,Nouvelles
1996,8908,Survival
1997,8908,War
1998,8908,War & Military
2003,43263680,Fantasy
2006,43263680,Magic
2012,43263680,Thrillers
2021,7015403,Self-Help
2024,13588356,Business & Economics
2032,33,British And Irish Fiction (Fictional Works By One Author)
2035,33,English Language
2036,33,English Literature
2037,33,Epic
2038,33,Fantasy
2039,33,Fantasy Fiction
2043,33,Fiction In English
2057,33,Nouvelles
2076,13497818,Death
2079,13497818,England
2081,13497818,English Literature
2092,13497818,Psychological
2093,13497818,Roman
2095,13497818,Spanish Language Materials
2099,61439040,Adaptations
2104,61439040,British And Irish Fiction (Fictional Works By One Author)
2107,61439040,Ciencia-Ficción
2108,61439040,Classic Literature
2109,61439040,Classics
2110,61439040,Comic Books
2116,61439040,Drama
2117,61439040,Dystopian
2119,61439040,Dystopias
2123,61439040,English Fiction
2124,61439040,English Literature
2127,61439040,English Science Fiction
2130,61439040,Fantasy
2137,61439040,Historical
2139,61439040,History And Criticism
2144,61439040,Journalists
2147,61439040,Literary
2148,61439040,Literature
2151,61439040,Man-Woman Relationships
2158,61439040,Nouvelles
2163,61439040,Open Syllabus Project
2172,61439040,Psychological Fiction
2180,61439040,Science Fiction
2184,61439040,Strips
2194,61439040,Traducciones Al Español
2208,5107,American Fiction
2209,5107,American Fiction (Fictional Works By One Author)
2211,5107,Bildungsromans
2213,5107,Brothers And Sisters
2216,5107,Chang Pian Xiao Shuo
2217,5107,Classics
2218,5107,Coming Of Age
2219,5107,Conduct Of Life
2223,5107,Fictional Works
2235,5107,Interpersonal Relations
2238,5107,Juvenile Fiction
2241,5107,New York (N.Y.)
2243,5107,Nouvelles
2257,7624,Adventure
2258,7624,Adventure And Adventurers
2263,7624,British And Irish Fiction (Fictional Works By One Author)
2268,7624,Death
2269,7624,English Literature
2271,7624,Ethics
2273,7624,Fiction / Action & Adventure
2277,7624,Good And Evil
2278,7624,History And Criticism
2280,7624,Interpersonal Relations
2288,7624,Psychological
2290,7624,Psychological Fiction
2296,7624,Shipwrecks
2297,7624,Survival
2300,7624,Thriller
2307,153747,Action & Adventure
2309,153747,Adventure And Adventurers
2314,153747,American Fiction (Fictional Works By One Author)
2315,153747,American Literature
2325,153747,Classic Literature
2326,153747,Comic Books
2330,153747,Drama
2333,153747,Epic
2335,153747,Fantasy
2339,153747,Fictional Works
2343,153747,Historical
2344,153747,History
2345,153747,History And Criticism
2348,153747,Literature
2357,153747,Nouvelles
2360,153747,Open Syllabus Project
2368,153747,Psychological
2369,153747,Psychological Fiction
2370,153747,Psychology
2376,153747,Reading Level-Grade 8
2378,153747,Revenge
2388,153747,Shipwrecks
2390,153747,Strips
2410,6892870,Revenge
2412,6892870,Thrillers
2413,13624688,American Fantasy Fiction
2414,13624688,Amerikanisches Englisch
2415,13624688,Fantasy
2416,13624688,Fantasy Fiction
2417,13624688,Fantasía
2425,13624688,Magic
2427,13624688,Nouvelles
2431,13624688,Roman
2442,375802,American Science Fiction
2443,375802,Amerikanisches Englisch
2452,375802,Brothers And Sisters
2455,375802,Ciencia-Ficción
2479,375802,Reading Level-Grade 7
2480,375802,Reading Level-Grade 8
2482,375802,Science Fiction
2492,8909,Action & Adventure
2493,8909,Adaptations
2494,8909,Adventure And Adventurers
2496,8909,British And Irish Fiction (Fictional Works By One Author)
2497,8909,Children'S Fiction
2498,8909,Classic Literature
2499,8909,Comic Books
2502,8909,English Language
2503,8909,English Literature
2504,8909,English Science Fiction
2506,8909,Extraterrestrial Beings
2507,8909,Fantasy
2517,8909,Imaginary Wars And Battles
2522,8909,Juvenile Fiction
2523,8909,Life On Other Planets
2524,8909,Literature
2531,8909,Open Syllabus Project
2536,8909,Science Fiction
2543,8909,Strips
2546,8909,War
2547,8909,War & Military
2550,26082916,Action & Adventure
2552,26082916,Dystopian
2553,26082916,Dystopias
2559,26082916,Nouvelles
2564,26082916,Science Fiction
2567,26082916,Thrillers
2572,17332218,Epic
2573,17332218,Epic Fantasy
2574,17332218,Fantasy
2575,17332218,Fantasy Fiction
2581,17332218,Imaginary Wars And Battles
2583,17332218,Life On Other Planets
2584,17332218,Magic
2586,17332218,Nouvelles
2588,7235533,American Literature
2589,7235533,Epic
2590,7235533,Epic Fantasy
2591,7235533,Fantasy
2595,7235533,Imaginary Places
2596,7235533,Imaginary Wars And Battles
2597,7235533,Kings And Rulers
2598,7235533,Magic
2610,873809,Action & Adventure
2611,873809,Dune (Imaginary Place)
2614,873809,Literature
2615,873809,Science Fiction
2616,44492287,American Science Fiction
2618,44492287,Dune (Imaginary Place)
2622,44492287,Imaginary Places
2623,44492287,Nouvelles
2626,44492287,Science Fiction
2637,40293,Science Fiction
2640,40293,Time Travel
2642,76658,American Fantasy Fiction
2643,76658,Death
2644,76658,Fantasy
2647,76658,Magic
2652,29100194,Psychology
2654,29100194,Social Psychology
2665,849380,Interpersonal Relations
2667,849380,Man-Woman Relationships
2681,849380,Psychology
2688,26152839,Children'S Fiction
2689,26152839,Dragons
2690,26152839,Fantasy
2691,26152839,Fantasy Fiction
2693,26152839,Juvenile Fiction
2695,26152839,Young Adult Fiction
2696,44439415,American Science Fiction
2697,44439415,Dune (Imaginary Place)
2703,44439415,Roman
2704,44439415,Science Fiction
2705,44439415,Science-Fiction
2708,44492286,American Science Fiction
2709,44492286,Dune (Imaginary Place)
2710,44492286,Fantasy
2712,44492286,Fiction In English
2717,44492286,Reading Level-Grade 7
2718,44492286,Reading Level-Grade 8
2720,44492286,Science Fiction
2721,44492285,American Science Fiction
2723,44492285,Dune (Imaginary Place)
2727,44492285,Imaginary Places
2733,44492285,Science Fiction
2738,44767458,American Literature
2739,44767458,American Science Fiction
2743,44767458,Dune (Imaginary Place)
2745,44767458,Fantasy Fiction
2752,44767458,Science Fiction
2753,44767458,Science-Fiction
2756,8520610,Interpersonal Relations
2768,8520610,Psychology
2775,7664041,American Fantasy Fiction
2776,7664041,Children'S Fiction
2777,7664041,Dragons
2778,7664041,Fantasy
2779,7664041,Fantasy Fiction
2781,7664041,Imaginary Places
2783,7664041,Juvenile Fiction
2784,7664041,Magic
2787,7664041,Young Adult Fiction
2791,2248573,Children'S Fiction
2796,2248573,Dragons
2800,2248573,Etc. Pour La Jeunesse
2802,2248573,Fantasy
2803,2248573,Fantasy Fiction
2804,2248573,Ficción Juvenil
2807,2248573,Good And Evil
2808,2248573,Juvenile Fiction
2811,2248573,Magia
2812,2248573,Magic
2815,2248573,Nouvelles
2816,2248573,Novela Fantástica
2820,2248573,Young Adult Fiction
2823,45978,Action & Adventure
2825,45978,Animals
2826,45978,Chang Pian Xiao Shuo
2827,45978,Children'S Fiction
2829,45978,Dragons
2831,45978,Fantasy
2832,45978,Fantasy Fiction
2833,45978,Fantasía
2834,45978,Ficción Juvenil
2837,45978,Imaginary Places
2838,45978,Juvenile Fiction
2839,45978,Magic
2843,45978,Novela Juvenil
2845,45978,Spanish Language Materials
2847,45978,Traducciones Al Español
2848,45978,Young Adult Fiction
2849,45978,Young Men
2853,11449,English Literature
2857,11449,Short Stories
2860,113436,Action & Adventure
2861,113436,Adventure
2862,113436,Adventure And Adventurers
2863,113436,American Fantasy Fiction
2864,113436,American Fiction
2865,113436,Animals
2867,113436,Children'S Fiction
2872,113436,Dragons
2875,113436,Epic
2877,113436,Etc. Pour La Jeunesse
2881,113436,Fantasy
2883,113436,Fantasy Fiction
2884,113436,Ficción Juvenil
2894,113436,Juvenile Fiction
2896,113436,Magia
2897,113436,Magic
2901,113436,Nouvelles
2902,113436,Novela Fantástica
2903,113436,Novela Juvenil
2909,113436,Reading Level-Grade 7
2910,113436,Reading Level-Grade 8
2914,113436,Science Fiction
2915,113436,Spanish Language Materials
2919,113436,War
2920,113436,Young Adult Fiction
2921,113436,Young Men
2925,238137,Crime
2933,238137,Mystery & Detective
2934,238137,Mystery Fiction
2937,238137,Police
2943,18143977,American Fiction
2944,18143977,Amerikanisches Englisch
2946,18143977,Bildungsromans
2956,18143977,Fiction / Literary
2958,18143977,Friendship
2966,18143977,Historical
2967,18143977,Historical Fiction
2968,18143977,History
2972,18143977,Literary
2975,18143977,Nouvelles
2985,18143977,Roman
2987,18143977,Survival
2993,119322,Action & Adventure
2995,119322,Adventure
3011,119322,Children'S Fiction
3022,119322,Etc. Pour La Jeunesse
3026,119322,Fantasy
3028,119322,Fantasy Fiction
3029,119322,Ficción Juvenil
3034,119322,Good And Evil
3036,119322,Horror
3037,119322,Imaginary Places
3039,119322,Juvenile Fiction
3056,119322,Magia
3057,119322,Magic
3061,119322,Missing Persons
3068,119322,Nouvelles
3069,119322,Novela Fantástica
3071,119322,Novela Juvenil
3080,119322,Readers
3086,119322,Science Fiction
3090,119322,Spanish Language Materials
3092,119322,Survival
3097,119322,Traducciones Al Español
3102,119322,Young Adult Fiction
3104,5060378,Adventure
3108,5060378,Crime
3115,5060378,Fictional Works
3122,5060378,Journalists
3125,5060378,Murder
3131,5060378,Suspense
3132,5060378,Suspense Fiction
3133,5060378,Thrillers
3140,2429135,Audiobooks
3151,2429135,Crime
3153,2429135,Death
3158,2429135,Families
3163,2429135,Fictional Works
3178,2429135,Journalists
3192,2429135,Missing Persons
3194,2429135,Murder
3195,2429135,Mystery
3196,2429135,Mystery & Detective
3197,2429135,Mystery Fiction
3199,2429135,Nouvelles
3211,2429135,Revenge
3221,2429135,Spanish Language Materials
3223,2429135,Suspense
3224,2429135,Suspense Fiction
3228,2429135,Thriller
3229,2429135,Thrillers
3230,2429135,Translations Into English
3240,17245,Action & Adventure
3241,17245,Adaptations
3246,17245,British And Irish Fiction (Fictional Works By One Author)
3247,17245,Classics
3258,17245,Drama
3259,17245,England
3261,17245,English Language
3262,17245,English Literature
3264,17245,Fantasy
3269,17245,German
3273,17245,Historical
3274,17245,History And Criticism
3275,17245,Horror
3276,17245,Horror Fiction
3278,17245,Horror Tales
3283,17245,Literature
3286,17245,Nouvelles
3288,17245,Psychological
3289,17245,Psychological Fiction
3296,17245,Science Fiction
3302,17245,Thriller
3306,238140,Crime
3313,238140,Mystery & Detective
3314,238140,New York (N.Y.)
3316,238140,Nouvelles
3318,238140,Police
3330,133518,Family Life
3332,133518,Fictional Works
3339,133518,Missing Persons
3340,133518,Nouvelles
3343,133518,Psychological
3350,133518,Short Stories
3357,133518,War
3364,6498356,Missing Persons
3365,6498356,Police
3367,6498356,Suspense Fiction
3371,7445,Alcoholism
3375,7445,Biographies
3376,7445,Biography
3377,7445,Biography & Autobiography
3395,7445,Extraterrestrial Beings
3399,7445,Families
3419,7445,Journalists
3443,7445,Science Fiction
3446,7445,Survival
3447,7445,United States
3450,7445,War
3459,1150161,Mystery Fiction
3464,19286587,Coming Of Age
3467,19286587,Families
3468,19286587,Family Life
3473,19286587,Friendship
3485,168981,Business & Economics
3487,168981,Decision Making
3490,35356383,Adventure
3493,35356383,Biography & Autobiography
3496,35356383,Literary
3501,35356383,Travel
3502,39715684,Self-Help
3503,3153910,American Fiction
3504,3153910,Animals
3512,3153910,Literature
3516,51326977,Action & Adventure
3519,51326977,Historical
3527,51113,Historical
3528,51113,History
3530,51113,Man-Woman Relationships
3535,51113,Travel
3538,19288043,Amerikanisches Englisch
3539,19288043,Chang Pian Xiao Shuo
3557,19288043,Missing Persons
3558,19288043,Mystery & Detective
3560,19288043,Mystery Fiction
3566,19288043,Roman
3568,19288043,Suspense
3569,19288043,Suspense Fiction
3570,19288043,Thrillers
3573,12262741,Adventure
3578,12262741,Biography
3579,12262741,Biography & Autobiography
3587,12262741,Literary
3596,12262741,Travel
3605,40102,Decision Making
3610,40102,History
3629,40102,Psychology
3633,40102,Self-Help
3634,40102,Social Psychology
3638,29780253,Biographies
3639,29780253,Biography
3640,29780253,Biography & Autobiography
3648,29780253,History
3649,29780253,Humor
3664,27214080,Biography
3665,27214080,Biography & Autobiography
3672,27214080,United States
3683,34273236,Family Life
3687,34273236,Fiction / Literary
3688,34273236,Friendship
3691,34273236,Literary
3700,6288,Adventure
3701,6288,American Fiction (Fictional Works By One Author)
3708,6288,Dystopian
3709,6288,Ethics
3717,6288,Horror
3731,6288,Reading Level-Grade 7
3732,6288,Reading Level-Grade 8
3738,6288,Science Fiction
3739,6288,Survival
3741,6288,Travel
3745,36124936,Crime
3747,36124936,Fantasy
3750,36124936,Horror
3753,36124936,Murder
3754,36124936,Mystery
3755,36124936,Mystery Thriller
3762,36124936,Suspense
3763,36124936,Thriller
3764,36124936,Thrillers
3775,40097951,Psychological
3777,40097951,Thrillers
3782,39863488,Brothers And Sisters
3784,39863488,Death
3785,39863488,Families
3794,39863488,Missing Persons
3796,39863488,Psychological
3798,39863488,Thrillers
3800,43848929,Conduct Of Life
3802,43848929,Interpersonal Relations
3807,43848929,Social Psychology
